,allele,sequence,n_pos,n_neg,total
27,A0101,ATDALMTGF,4,0,4
28,A0101,ATDALMTGY,6,0,6
56,A0101,CTELKLSDY,5,0,5
350,A0101,IVDCLTEMY,2,0,2
477,A0101,MLDGHLIAFDY,2,0,2
582,A0101,QYDPVAALF,7,0,7
774,A0101,VTEHDTLLY,6,0,6
813,A0101,YGDDVIASY,2,0,2
865,A0201,AAGIGILTV,7,0,7
873,A0201,ADLMGYIPLV,10,1,11
874,A0201,AFLGERVTL,2,0,2
883,A0201,AIIDPLIYA,2,0,2
887,A0201,AIISGDSPV,2,0,2
890,A0201,AIMDKNIIL,8,0,8
891,A0201,AIMDKNIML,7,0,7
900,A0201,AITEVECFL,12,0,12
906,A0201,ALAEGDLLA,2,0,2
912,A0201,ALEAFAIAVA,2,0,2
913,A0201,ALFFFDIDL,3,0,3
919,A0201,ALGGGATGV,6,0,6
926,A0201,ALLEDPVGT,6,0,6
938,A0201,ALNTLVKQL,2,0,2
939,A0201,ALNTPKDHI,2,0,2
955,A0201,ALWGPDPAAA,11,0,11
957,A0201,ALWMRLLPL,2,0,2
958,A0201,ALYDVVTKL,16,1,17
966,A0201,AMASTEGNV,7,0,7
973,A0201,AMLNGLIYV,9,1,10
979,A0201,AQLLTEFAI,6,0,6
986,A0201,ATWAENIQV,2,0,2
1000,A0201,CINGCVWTV,2,0,2
1002,A0201,CINGVCWTV,32,0,32
1003,A0201,CINGVWCTV,3,0,3
1004,A0201,CIPPDSLLFPA,5,0,5
1006,A0201,CLGGLITMV,2,0,2
1007,A0201,CLGGLLTMN,2,0,2
1008,A0201,CLGGLLTMV,60,2,62
1014,A0201,CLTEYILWV,5,0,5
1022,A0201,CVNGSCFTV,6,0,6
1023,A0201,CVNGVCWTV,5,0,5
1035,A0201,DLLLGTLNI,3,0,3
1036,A0201,DLMGYIPAV,3,0,3
1037,A0201,DLMGYIPLV,18,1,19
1045,A0201,DTPLIPLTIF,2,0,2
1046,A0201,DVSRPTAVV,2,0,2
1047,A0201,EAAGIGILTV,5,0,5
1054,A0201,ELAGIGILTV,15,1,16
1055,A0201,ELIEANLLW,2,0,2
1059,A0201,ELTEVFEFA,2,0,2
1065,A0201,ETFWAKHMW,2,0,2
1074,A0201,FAFKDLFVV,2,0,2
1079,A0201,FANCNFTLV,2,0,2
1080,A0201,FANHDFTLV,2,0,2
1081,A0201,FANHKFTLV,3,0,3
1082,A0201,FANHNFTLV,2,0,2
1083,A0201,FANNEFTLV,2,0,2
1084,A0201,FANNKFTLV,2,0,2
1087,A0201,FANYKFTLV,3,0,3
1089,A0201,FANYNFTLV,2,0,2
1141,A0201,FLDKGTYTL,2,0,2
1146,A0201,FLFLRNFSL,2,0,2
1152,A0201,FLGERVTLT,4,0,4
1177,A0201,FLLALLSCL,2,0,2
1181,A0201,FLLGLLFFV,2,0,2
1196,A0201,FLMLVGGSTL,4,0,4
1202,A0201,FLNISWFYI,2,0,2
1205,A0201,FLPADFFPSI,3,0,3
1206,A0201,FLPADFFPSV,3,0,3
1209,A0201,FLPNDFFPSV,3,0,3
1212,A0201,FLPSDFFPSA,2,0,2
1213,A0201,FLPSDFFPSI,3,0,3
1214,A0201,FLPSDFFPSV,40,3,43
1217,A0201,FLPSPLFFFL,3,0,3
1225,A0201,FLSHDFTLV,2,0,2
1239,A0201,FLTSVINRV,5,0,5
1241,A0201,FLVDAIVRVA,13,1,14
1251,A0201,FLYALALL,2,0,2
1252,A0201,FLYALALLL,18,1,19
1254,A0201,FLYELIWNV,6,0,6
1255,A0201,FLYGALLLA,5,0,5
1274,A0201,FMVFLQTHI,2,0,2
1278,A0201,FMYSDFHFI,2,0,2
1280,A0201,FPPSPLFFFL,4,0,4
1281,A0201,FQQLFLNTL,8,0,8
1308,A0201,FVDYNFSLV,2,0,2
1309,A0201,FVDYNFTIV,4,0,4
1311,A0201,FVFLRNFSL,2,0,2
1320,A0201,FVNYDFALV,2,0,2
1321,A0201,FVNYDFTIV,2,0,2
1322,A0201,FVNYNFTLV,2,0,2
1323,A0201,FVSCDFTIV,2,0,2
1332,A0201,GDCVQGDWCPISGGL,3,0,3
1338,A0201,GIIYIIYKL,2,0,2
1339,A0201,GILGFVFTL,79,1,80
1340,A0201,GILGFVFTLT,2,0,2
1341,A0201,GILTVSVAV,12,0,12
1348,A0201,GLADTVVAC,20,1,21
1352,A0201,GLCPHCINVG,2,0,2
1353,A0201,GLCTLVAML,64,1,65
1355,A0201,GLEALVPLAV,3,0,3
1357,A0201,GLFGAIAGFI,3,0,3
1366,A0201,GLGWVGWLL,2,0,2
1370,A0201,GLIDIAPHQI,2,0,2
1371,A0201,GLIDIAPHQISS,2,0,2
1372,A0201,GLIDIAPHQISSV,2,0,2
1380,A0201,GLLGCIITSL,2,0,2
1382,A0201,GLLGFVFTL,4,0,4
1384,A0201,GLLHHAPSL,8,0,8
1389,A0201,GLLSLEEEL,4,0,4
1391,A0201,GLMNNAFEWI,2,0,2
1393,A0201,GLNDYLHSV,5,0,5
1396,A0201,GLPVEYLQV,13,0,13
1397,A0201,GLQDCTMLV,9,1,10
1402,A0201,GLSPTVWLSA,3,0,3
1404,A0201,GLSRYVARL,9,1,10
1422,A0201,GMSRIGMEV,3,0,3
1423,A0201,GMVTTSTTL,3,0,3
1460,A0201,IAGNSAYEYV,2,0,2
1461,A0201,IANYNFTLV,2,0,2
1462,A0201,ICWGNQLFV,2,0,2
1483,A0201,IKEYLNKIQNSLSTEWSPCS,2,0,2
1490,A0201,ILDDNLYKV,4,0,4
1492,A0201,ILDKKVEKV,3,0,3
1494,A0201,ILDSFDPLV,2,0,2
1501,A0201,ILGFVFTLTV,2,0,2
1508,A0201,ILKEPVHGV,4,0,4
1525,A0201,ILMNDQEVGV,20,1,21
1526,A0201,ILMWEAVTL,17,1,18
1528,A0201,ILNNPKASL,3,0,3
1532,A0201,ILQDMRNTI,3,0,3
1539,A0201,ILSDENYLL,2,0,2
1542,A0201,ILSPFLPLL,2,0,2
1567,A0201,IMIGHLVGV,4,0,4
1568,A0201,IMIGVLVGV,4,0,4
1570,A0201,IMMGVLVGV,4,0,4
1575,A0201,IPPSFLQAMRKYSPF,2,0,2
1576,A0201,ISGGLCSARLHRHAL,3,0,3
1579,A0201,ITDQVPFSV,4,0,4
1593,A0201,IVSPFIPLL,2,0,2
1602,A0201,KIDYYIPYV,2,0,2
1617,A0201,KLEDENPWL,2,0,2
1618,A0201,KLEDLERDL,2,0,2
1630,A0201,KLGPGEEQV,4,0,4
1632,A0201,KLIANNTRV,7,0,7
1653,A0201,KLPDLCTEL,3,0,3
1657,A0201,KLQERLAKL,6,0,6
1659,A0201,KLRKPKHKKL,3,0,3
1666,A0201,KLVALGINAV,40,3,43
1668,A0201,KLVAMGINAV,10,0,10
1669,A0201,KLVANNTRL,3,0,3
1674,A0201,KLWESPQEI,2,0,2
1685,A0201,KMLKEMGEV,3,0,3
1718,A0201,KTWGQYWQV,2,0,2
1722,A0201,KVDDTFYYV,10,0,10
1728,A0201,KYSPFRNGYMEPTLG,2,0,2
1734,A0201,LALLLLDRL,2,0,2
1740,A0201,LFAAFPSFA,6,0,6
1742,A0201,LFGYPVYV,3,0,3
1782,A0201,LLALLSCLTV,11,1,12
1786,A0201,LLAVLTAAPL,2,0,2
1791,A0201,LLDAHIPQL,3,0,3
1792,A0201,LLDFVRFMGV,9,1,10
1793,A0201,LLDFVRFMGY,4,0,4
1797,A0201,LLDVAPLSL,5,0,5
1806,A0201,LLFGFPVYV,8,0,8
1808,A0201,LLFGKPVYV,5,0,5
1810,A0201,LLFGYPRYV,2,0,2
1813,A0201,LLFGYPVYV,82,2,84
1817,A0201,LLFNILGGWV,13,1,14
1833,A0201,LLGLWVFAAL,2,0,2
1834,A0201,LLGRNSFEV,2,0,2
1847,A0201,LLLDRLNQL,3,0,3
1858,A0201,LLLGTLNIV,3,0,3
1865,A0201,LLLLDVAPL,5,0,5
1881,A0201,LLMDCSGSI,2,0,2
1882,A0201,LLMGTLGIV,4,0,4
1886,A0201,LLMWEAVTV,9,0,9
1892,A0201,LLNYILKSV,3,0,3
1899,A0201,LLPRRGPRL,2,0,2
1931,A0201,LLWTLVVL,3,0,3
1932,A0201,LLWTLVVLL,10,0,10
1936,A0201,LLYGYPVYV,7,0,7
1954,A0201,LMIIPLINV,3,0,3
1956,A0201,LMLGEFLKL,2,0,2
1969,A0201,LMWYELSKI,3,0,3
1974,A0201,LQDIEITCV,2,0,2
1975,A0201,LQLPQGTTL,2,0,2
1977,A0201,LQPPDPVGL,3,0,3
1981,A0201,LSPYYKRYISW,2,0,2
1989,A0201,LTKGILGFVFTLTVPSERG,4,0,4
1993,A0201,LVALLACLTV,2,0,2
1994,A0201,LVALLVCLTV,2,0,2
2000,A0201,LVMAQLLRI,2,0,2
2044,A0201,MLVGGSTLCV,4,0,4
2045,A0201,MLWGYLQYV,3,0,3
2049,A0201,MMIEEYPYV,3,0,3
2051,A0201,MMLVPLITV,2,0,2
2056,A0201,MMRKLAILSVSSFLFVEALF,2,0,2
2087,A0201,NLFDIPLLTV,2,0,2
2096,A0201,NLLVTGFDT,6,0,6
2100,A0201,NLNESLIDL,2,0,2
2107,A0201,NLVPMVATV,161,2,163
2110,A0201,NMLSTVLGV,2,0,2
2111,A0201,NMPNDPNRNV,3,0,3
2127,A0201,PLTQHYQIL,3,0,3
2155,A0201,QLGPTCLSSL,4,0,4
2157,A0201,QLIPCMDVVL,4,0,4
2158,A0201,QLLQHYREV,2,0,2
2159,A0201,QLLSSSKYT,3,0,3
2164,A0201,QLSLLMWIT,4,0,4
2166,A0201,QLVQSGAEV,2,0,2
2169,A0201,QMDYSNGLFV,2,0,2
2176,A0201,RAKFKQLL,2,0,2
2184,A0201,RFIAQLLLL,4,0,4
2191,A0201,RKEVNSQLSLGDPLFPELAE,2,0,2
2209,A0201,RLLDLAQEGL,3,0,3
2212,A0201,RLLPSLLLLL,2,0,2
2217,A0201,RLNEVAKNL,11,0,11
2218,A0201,RLNQLESKV,3,0,3
2220,A0201,RLPLVLPAV,4,0,4
2239,A0201,RMFPNAPYL,3,0,3
2249,A0201,RNLVPMVATVQ,2,0,2
2252,A0201,RQYDPVAAL,6,0,6
2271,A0201,RTLDKVLEV,4,0,4
2276,A0201,RVLEDGVNYA,2,0,2
2285,A0201,SECTTPCSGSW,2,0,2
2287,A0201,SFHSLHLLF,2,0,2
2298,A0201,SITEVECFL,18,0,18
2299,A0201,SIVAYTMSL,2,0,2
2309,A0201,SLCPIRGWAI,2,0,2
2310,A0201,SLDLAEQEL,3,0,3
2314,A0201,SLENFRAYV,2,0,2
2316,A0201,SLFGQRIEV,3,0,3
2318,A0201,SLFNTIATL,8,0,8
2320,A0201,SLFNTIAVL,9,0,9
2322,A0201,SLFNTVATL,15,0,15
2325,A0201,SLFNTVAVL,7,0,7
2331,A0201,SLGGLLTMV,4,0,4
2334,A0201,SLHTGFLASL,3,0,3
2339,A0201,SLKDVLVSV,3,0,3
2340,A0201,SLKKNSRSL,2,0,2
2345,A0201,SLLGQLSGQV,4,0,4
2347,A0201,SLLMWITQC,20,0,20
2348,A0201,SLLMWITQV,3,0,3
2349,A0201,SLLPAIVEL,2,0,2
2359,A0201,SLMSWSAIL,3,0,3
2363,A0201,SLPITVYYA,6,0,6
2376,A0201,SLSRFSWGA,5,0,5
2383,A0201,SLVIVTTFV,3,0,3
2390,A0201,SLYFGGICV,4,0,4
2399,A0201,SLYNSVATL,2,0,2
2402,A0201,SLYNTIATL,7,0,7
2410,A0201,SLYNTVATL,20,2,22
2412,A0201,SLYNTVAVL,7,0,7
2420,A0201,SMHFYGWSL,2,0,2
2431,A0201,SMNATLVQA,2,0,2
2434,A0201,SMVGNWAKVL,2,0,2
2450,A0201,SVGGVFTSV,3,0,3
2454,A0201,SVRDRLARL,9,1,10
2457,A0201,TARHTPVNSW,2,0,2
2463,A0201,TIHDIILECV,13,0,13
2467,A0201,TIPEALAAV,6,0,6
2470,A0201,TLACFAVYT,2,0,2
2471,A0201,TLAGKGISVV,2,0,2
2476,A0201,TLDYKPLSV,7,0,7
2477,A0201,TLEEFSAKL,2,0,2
2480,A0201,TLFIGSHVV,2,0,2
2485,A0201,TLGIVCPIC,2,0,2
2489,A0201,TLKDIVLDL,3,0,3
2491,A0201,TLLANVTAV,3,0,3
2494,A0201,TLLDHIRTA,3,0,3
2506,A0201,TLRKPKHKKL,2,0,2
2509,A0201,TLTSYWRRV,2,0,2
2510,A0201,TLWVDPYEV,2,0,2
2520,A0201,TPRVTGGGAM,2,0,2
2524,A0201,TTLITNLSSV,3,0,3
2526,A0201,TVCGGIMFL,3,0,3
2533,A0201,VAALFFFDI,3,0,3
2541,A0201,VIFDFLHCI,2,0,2
2550,A0201,VIVMLTPLV,2,0,2
2562,A0201,VLEETSVML,20,0,20
2564,A0201,VLFGLGFAI,3,0,3
2570,A0201,VLHDDLLE,2,0,2
2571,A0201,VLHDDLLEA,36,0,36
2572,A0201,VLHKRTLGL,4,0,4
2598,A0201,VLMGGVPGVE,8,0,8
2599,A0201,VLNDILSRL,2,0,2
2607,A0201,VLTDGNPPEV,5,0,5
2618,A0201,VMATLLPPV,2,0,2
2633,A0201,VVCMYLYQLSPPITW,4,0,4
2637,A0201,VVLDSLDPMV,4,0,4
2643,A0201,WGPDPAAA,2,0,2
2678,A0201,YIGEVLVSV,9,0,9
2679,A0201,YIGSGDSPV,2,0,2
2684,A0201,YIIIGDSPV,2,0,2
2687,A0201,YIILGDSPV,2,0,2
2689,A0201,YIISGDLPV,2,0,2
2690,A0201,YIISGDSPL,2,0,2
2691,A0201,YIISGDSWV,2,0,2
2692,A0201,YIISGISPV,2,0,2
2696,A0201,YILEETSVLM,5,0,5
2698,A0201,YILEETSVML,5,0,5
2701,A0201,YILGADPLRV,3,0,3
2707,A0201,YIVRWEWVV,3,0,3
2709,A0201,YIYGIPLSL,2,0,2
2714,A0201,YLAYRNQSL,3,0,3
2725,A0201,YLDPAQQNL,2,0,2
2726,A0201,YLEPGPVTA,2,0,2
2749,A0201,YLKKIKNSL,2,0,2
2762,A0201,YLLPAIVHI,4,0,4
2764,A0201,YLLPRRGPRL,18,1,19
2782,A0201,YLSGANLNL,2,0,2
2799,A0201,YLYTEYFLFL,2,0,2
2812,A0201,YMLDLQPET,2,0,2
2813,A0201,YMLDLQPETT,32,3,35
2832,A0201,YTMDGEYRL,2,0,2
2843,A0201,YVLDHLIVV,9,0,9
2847,A0201,YVLEETSVML,5,0,5
2852,A0201,YVNAILYQI,2,0,2
2868,A0201,LLFGYPVYV,5,0,5
2900,A0202,GLRYRSMLL,2,0,2
2978,A0202,YLLEMLWRL,2,0,2
2984,A0203,LLFGYPVYV,3,0,3
2985,A0203,LLSAWILTA,2,0,2
2986,A0203,SLREWLLRI,2,0,2
2987,A0203,SVRDRLARL,4,0,4
2989,A0203,VLKDAIKDL,2,0,2
2990,A0203,YLLEMLWRL,2,0,2
2992,A0204,LIVDAVLQL,2,0,2
2994,A0204,YLLEMLWRL,2,0,2
3002,A0205,LLFGYPVYV,3,0,3
3006,A0206,CLGGLLTMV,2,0,2
3008,A0206,GFTGDFDSV,2,0,2
3010,A0206,IIIILIIFI,4,0,4
3011,A0206,LLFGYPVYV,3,0,3
3013,A0206,LTAGFLIFL,6,0,6
3015,A0206,NLVPMVATV,3,0,3
3017,A0206,VLHDDLLEA,6,0,6
3018,A0206,YLLEMLWRL,2,0,2
3019,A0206,YLLPRRGPRL,2,0,2
3020,A0207,CLGGLLTMV,2,0,2
3026,A0207,YLLPRRGPRL,2,0,2
3027,A0209,CLGGLLTMV,2,0,2
3130,A0301,AVFDRKSDAK,2,0,2
3649,A0301,LLACAGLAY,3,0,3
3939,A0301,RLGVRATRK,2,0,2
3985,A0301,RVRAYTYSK,4,0,4
3990,A0301,RVWDLPGVLK,2,0,2
4062,A0301,SLPGGTAS,5,0,5
4344,A0301,TTVYPPSSTAK,4,0,4
4772,A1101,GIAPLQLGK,2,0,2
4814,A1101,GTSGSPIINR,2,0,2
4988,A1101,IVTDFSVIK,6,0,6
5073,A1101,KSMREEYRK,2,0,2
5148,A1101,KVLTPPITH,2,0,2
5501,A1101,RMVLASTTAK,2,0,2
5518,A1101,RTLDFHDSNVK,2,0,2
5530,A1101,RVLSFIKGTK,2,0,2
5568,A1101,SIIPSGPLK,2,0,2
5659,A1101,SSCSSCPLSK,6,0,6
5660,A1101,SSCSSCPLSKI,2,0,2
6006,A1101,VTAACSHAGK,2,0,2
6123,A2301,AYAQKIFKIL,2,0,2
7106,A2301,VWINNSWKF,2,0,2
7294,A2402,AKRKMDPDNPDEGPS,2,0,2
7295,A2402,ALYGVWPLL,2,0,2
7327,A2402,AYSQQTRGL,3,0,3
7334,A2402,CMTWNQMNL,2,0,2
7360,A2402,CYSIEPLDL,2,0,2
7363,A2402,CYTWNQMNL,2,0,2
7379,A2402,DYLQCVLQI,2,0,2
7380,A2402,DYLQYVLQI,4,0,4
7383,A2402,DYNFVKQLF,2,0,2
7443,A2402,EYVLLLFLL,5,0,5
7504,A2402,FWAKHMWNF,5,0,5
7559,A2402,FYTPLADQF,3,0,3
7569,A2402,GFADLMGYI,4,0,4
7574,A2402,GYDQIMPKK,3,0,3
7653,A2402,IFTITKILL,2,0,2
7656,A2402,ILMTHFFSI,4,0,4
7657,A2402,ILPCSFTTL,2,0,2
7661,A2402,ITYSTYCKF,2,0,2
7917,A2402,LLKRLHQWI,2,0,2
7918,A2402,LLPRRGPRL,3,0,3
7919,A2402,LLSTTEWQI,2,0,2
8023,A2402,MAYAQKIFKIL,2,0,2
8024,A2402,MESSAKRKMDPDNPD,2,0,2
8073,A2402,NLVPMVATV,2,0,2
8135,A2402,PYIEQGMQL,2,0,2
8139,A2402,PYLFWLAAI,3,0,3
8155,A2402,QYDPVAALF,32,2,34
8156,A2402,QYDPVAALFF,4,0,4
8157,A2402,QYDPVAALFFF,3,0,3
8173,A2402,QYSWFVNGTF,2,0,2
8175,A2402,QYVKVYLESF,2,0,2
8198,A2402,RMILMTHFF,3,0,3
8206,A2402,RYAPACKPL,3,0,3
8252,A2402,RYSIFFDYM,5,0,5
8267,A2402,SFAIKWEYVL,2,0,2
8271,A2402,SFHSLHLLF,5,0,5
8288,A2402,SMLTDPSHI,3,0,3
8351,A2402,SYTWTGALI,5,0,5
8379,A2402,TYACFVSNL,2,0,2
8387,A2402,TYGPVFMCL,13,0,13
8415,A2402,TYPVLEEMF,2,0,2
8420,A2402,TYSAGIVQI,3,0,3
8427,A2402,TYSTYGKFL,7,0,7
8439,A2402,VAALFFFDI,3,0,3
8465,A2402,VFSDMETKL,3,0,3
8495,A2402,VYDFAFRDL,7,0,7
8579,A2402,WHYPCTVNF,3,0,3
8627,A2402,YLLPRRGPRL,4,0,4
8657,A2402,YYKVFLARL,2,0,2
10438,A2601,VIHASGKQM,2,0,2
11134,A2902,VYINHPFMY,3,0,3
11186,A3001,RQYDPVAAL,6,0,6
12020,A3101,ATLPLLCAR,6,0,6
12028,A3101,YLLPRRGPRL,4,0,4
12029,A3201,ALFFFDIDL,3,0,3
12030,A3201,RQYDPVAAL,6,0,6
13787,A3303,EVLLRPGLHFR,6,0,6
15118,A3303,WATLPLLCAR,4,0,4
15141,A3303,YLLPRRGPRL,4,0,4
15250,A6801,ATTFLQTMLR,2,0,2
15262,A6801,AVFDRKSDAK,3,0,3
15376,A6801,FVFPTKDVALR,4,0,4
15453,A6801,HNIRGRWTGR,2,0,2
16001,A6801,QTVTSTPVQGR,4,0,4
16397,A6801,TTVYPPSSTAK,3,0,3
16549,A6801,YTPDSTPCHR,2,0,2
16569,A6802,NVTSIHSLL,4,0,4
16578,A6802,YLLEMLWRL,2,0,2
16579,A6901,YLLEMLWRL,2,0,2
16642,B0702,GPGHKARVL,3,0,3
16643,B0702,GPHETITAL,3,0,3
16717,B0702,IPVMRKAYL,3,0,3
16751,B0702,LPCVLWPVL,2,0,2
16759,B0702,LPLMRKAYL,7,0,7
16805,B0702,PAWSRRTLL,3,0,3
16808,B0702,PQPRAPIRPIPT,4,0,4
16810,B0702,QPRAPIRPI,7,0,7
16824,B0702,RPHERNGFTV,4,0,4
16825,B0702,RPHERNGFTVL,9,0,9
16841,B0702,RPPIFIRRL,13,0,13
16845,B0702,RPQGGSRPEFVKL,2,0,2
16851,B0702,RPRGEVRFL,13,1,14
16860,B0702,RQYDPVAAL,6,0,6
16930,B0702,TPRVTGGGAM,36,1,37
16981,B0801,AAHARFVAA,3,0,3
16985,B0801,DELRRKMMYM,5,0,5
16987,B0801,EIYKRWII,3,0,3
16989,B0801,ELRRKMMYM,2,0,2
16991,B0801,EMKTDAATL,3,0,3
16993,B0801,FLRGRAYGL,15,0,15
16995,B0801,GGKKKYKLK,2,0,2
17000,B0801,QAKWRLQTL,5,0,5
17002,B0801,RAKFKQLL,9,0,9
17003,B0801,WLKIKRDYL,2,0,2
17004,B1402,DRLDNRLQL,3,0,3
17005,B1402,HASPFERVRCLLL,3,0,3
17007,B1501,ASTASKGRYIPPHLRNKEA,6,0,6
17008,B1501,AVINTTCNYGQ,3,0,3
17015,B1501,GSTASKGRYIPPHLRNREA,5,0,5
17025,B1501,RQYDPVAAL,6,0,6
17026,B1501,SIIDLIDEY,2,0,2
17036,B1502,NIRQAGVQY,4,0,4
17037,B1503,KWMRELVLY,4,0,4
17038,B1801,ELKRKMIY,10,0,10
17044,B2701,RRSGAAGAAVK,2,0,2
17047,B2702,HRQSIWITW,2,0,2
17050,B2702,RRARSLSAERY,6,0,6
17056,B2704,QRSYVSGVL,2,0,2
17058,B2704,RRIYDLIEL,4,0,4
17059,B2704,RRRWRRLTV,5,0,5
17061,B2705,ARYAYYLQF,2,0,2
17066,B2705,FRKAQIQGL,3,0,3
17068,B2705,HRCQAIRK,2,0,2
17070,B2705,HRFLPLKTR,2,0,2
17071,B2705,HRFLPVKTR,2,0,2
17072,B2705,HRFLPVRTR,2,0,2
17074,B2705,IRAASAITA,2,0,2
17081,B2705,KRPPIFIRR,5,0,5
17086,B2705,LRRYLENGK,3,0,3
17090,B2705,NRELIQQEL,2,0,2
17099,B2705,RRAQMAPKR,3,0,3
17101,B2705,RRFFPYYV,8,0,8
17103,B2705,RRIFDLIEL,2,0,2
17110,B2705,RRRKGWIPL,2,0,2
17111,B2705,RRRWHRWRL,4,0,4
17114,B2705,RRSGAAGAAVK,2,0,2
17117,B2705,RRYPDAVYL,2,0,2
17126,B2705,SRDSRGKPGY,4,0,4
17129,B2705,SRYWAIRTR,18,0,18
17138,B2709,RRKWRRWHL,7,0,7
17139,B2709,RRRWRRLTV,6,0,6
17143,B3501,ALFFFDIDL,3,0,3
17144,B3501,APCMGLIY,2,0,2
17152,B3501,ASCMGLIY,2,0,2
17161,B3501,EPLPQGQLTAY,9,1,10
17166,B3501,FLRGRAYGL,2,0,2
17168,B3501,HPNIEEVAL,4,0,4
17170,B3501,HPVGEADYFEY,28,0,28
17175,B3501,IPSINVHHY,5,0,5
17178,B3501,KPIVVLHGY,3,0,3
17187,B3501,LPFDKPTIM,9,1,10
17188,B3501,LPFDKSTIM,14,0,14
17189,B3501,LPFDKTTIM,14,0,14
17190,B3501,LPFDRTTIM,2,0,2
17191,B3501,LPFEKSTVM,16,0,16
17204,B3501,MGSLEMVPM,2,0,2
17212,B3501,QPAPENAYQAY,2,0,2
17231,B3501,TPEGIIPTL,3,0,3
17242,B3501,WPTLIGLAM,5,0,5
17247,B3501,YPLHEQHGM,20,0,20
17250,B3502,EATKLCDVL,2,0,2
17251,B3502,FPTKDVAL,5,0,5
17252,B3502,HAVPFGLVSM,2,0,2
17253,B3502,HPFALLLVL,2,0,2
17254,B3502,IPVIVADDL,2,0,2
17255,B3502,VFPTKDVALRH,2,0,2
17256,B3502,WNTGHDWILA,2,0,2
17257,B3502,YPLHEQHGM,2,0,2
17262,B3503,YPLHEQHGM,2,0,2
17264,B3508,CPSQEPMSIYVY,6,0,6
17266,B3508,FPTKDVAL,4,0,4
17267,B3508,HPVGEADYFEY,4,0,4
17269,B3508,LPEPLPQGQLTAY,9,0,9
17272,B3514,ASPVAQSYL,3,0,3
17273,B3514,TAAQAAVVRF,3,0,3
17805,B3701,LDFVRFMGV,3,0,3
18400,B3901,IHSMNSSIL,3,0,3
18401,B3901,IHSMNSTIL,3,0,3
18402,B3906,YRSGIIAVV,2,0,2
18441,B4001,CEDVPSGKL,3,0,3
18727,B4001,HERNGFTVL,4,0,4
18750,B4001,IEDPPFNSL,6,0,6
19530,B4002,AEIEDLIFL,4,0,4
19531,B4002,AEIEDLIFS,3,0,3
19830,B4002,HDIILECV,3,0,3
20432,B4002,SENDRLRLL,3,0,3
20532,B4002,TYVYDHLTPL,2,0,2
20664,B4006,AELEGVWQPA,3,0,3
20666,B4006,TYVYDHLTPL,2,0,2
20667,B4102,ELPQWLSANR,3,0,3
20684,B4402,AEMKTDAATL,4,0,4
20742,B4402,DELRRKMMY,2,0,2
20834,B4402,EENLLDFVRF,6,0,6
20851,B4402,EEYLKAWTF,2,0,2
20852,B4402,EEYLQAFTY,2,0,2
20888,B4402,FLRGRAYGL,2,0,2
21176,B4402,MEIFIEVFSHF,4,0,4
21575,B4403,AELLNIPFLY,4,0,4
21583,B4403,EENLLDFVRF,3,0,3
21584,B4403,EEQELLLLY,3,0,3
21585,B4403,EERHIFLDY,2,0,2
21591,B4403,KEFEDDIINW,2,0,2
21592,B4403,KEFEDGIINW,3,0,3
21594,B4403,MEIFIEVFSHF,4,0,4
21598,B4405,EENLLDFVRF,5,0,5
21600,B4405,EEYLKAWTF,5,0,5
21601,B4405,EEYLQAFTY,7,0,7
21602,B4405,FLRGRAYGL,3,0,3
21603,B4501,AEMKTDAA,3,0,3
21604,B4501,AEMKTDAATLA,3,0,3
21605,B4501,AENAGNDAC,2,0,2
21606,B4501,AERQGSPTPA,7,0,7
21612,B4601,AQGMAY,2,0,2
21615,B4601,VQPPQLTQV,2,0,2
21618,B4801,TIHDIILEC,3,0,3
22680,B5001,CVIGGAGNNT,2,0,2
22842,B5101,LPPVVAKEI,2,0,2
22977,B5101,TAFTIPSI,2,0,2
22987,B5101,VAALFFFDI,3,0,3
23030,B5201,TIRYPDPVI,6,0,6
23152,B5301,IPYLDGTFY,2,0,2
23181,B5301,LPGSYTYEW,2,0,2
23327,B5301,VAALFFFDI,3,0,3
23407,B5501,FPKTTNGCSQA,5,0,5
23665,B5501,TPRVTGGGAMA,2,0,2
23708,B5502,KPWDVIPMV,6,0,6
23712,B5701,ISPRTLNAW,3,0,3
23713,B5701,ITKKVADLVGF,3,0,3
23716,B5701,KAFSPEVIPMF,3,0,3
23721,B5701,TSTLQEQIGW,2,0,2
23722,B5701,VAALFFFDI,3,0,3
23727,B5703,KAFSPEVIPMF,2,0,2
23728,B5703,KGFNPEVIPMF,7,0,7
23732,B5801,VAALFFFDI,3,0,3
23733,B5801,VSFIEFVGW,2,0,2
23737,C0303,AYAAQGYKVL,2,0,2
23738,C0303,FVYGGSKTSL,3,0,3
23739,C0303,PYFVRAQGLI,2,0,2
23740,C0304,AYAAQGYKVL,2,0,2
23741,C0304,FRNLAYGRTCVLGK,2,0,2
23742,C0304,FVYGGSKTSL,3,0,3
23743,C0304,PYFVRAQGLI,2,0,2
23746,C0401,QYDPVAALF,5,0,5
23749,C0501,SACDVSVRV,3,0,3
23750,C0501,SACDVSVRVV,3,0,3
23751,C0501,YTDFVGEGL,3,0,3
23752,C0602,AALEKLNKELEE,2,0,2
23753,C0602,AKKQVEKALEEA,4,0,4
23754,C0602,AKKQVEKALEEANSKLAALE,3,0,3
23755,C0602,ALEEANADL,3,0,3
23756,C0602,ALEEANSKL,2,0,2
23757,C0602,ALEKLNKEL,3,0,3
23758,C0602,ALTVMATAGVAA,2,0,2
23761,C0602,DIGALKQEL,2,0,2
23762,C0602,DVNGLRRVL,2,0,2
23765,C0602,GLRRVLDEL,2,0,2
23766,C0602,ISSVLAGASCPA,2,0,2
23767,C0602,KALEEANSKLAA,4,0,4
23770,C0602,QIEGLKEEL,2,0,2
23771,C0602,RALEEANADLEV,4,0,4
23772,C0602,RLASYLDKV,2,0,2
23773,C0602,SRKGLRRDL,2,0,2
23774,C0602,SRQGLRRDL,2,0,2
23776,C0602,SYLDKVRALEEANADLEVKI,3,0,3
23777,C0602,TRATKMQVI,3,0,3
23780,C0801,VVCAHELVC,3,0,3
23781,C0802,LQHYREVAA,2,0,2
23782,C1502,VVCAHELVC,3,0,3
